{"cameraMode":{"drawMode":0,"name":"Shaded","section":"Shading Mode"},"sceneLighting":false,"audioPlay":false,"sceneViewState":{"m_AlwaysRefresh":false,"showFog":false,"showSkybox":false,"showFlares":false,"showImageEffects":false,"showParticleSystems":false,"showVisualEffectGraphs":true,"m_FxEnabled":true},"in2DMode":false,"pivot":{"x":0.00028717517852783203,"y":0.8405336737632752,"z":-0.04350048303604126},"rotation":{"x":-0.11637935787439347,"y":-0.781797468662262,"z":0.15344880521297456,"w":-0.5929638147354126},"size":1.3414875268936158,"orthographic":false}